{
  "train_key": "train_few",
  "n_components": 5,
  "explained_variance_ratio": [
    0.21803268790245056,
    0.18558664619922638,
    0.13552293181419373,
    0.11897502839565277,
    0.11015897244215012
  ],
  "splits": {
    "train_few": {
      "n": 10,
      "nn_to_train_mean": 0.0026673544198274612,
      "nn_to_train_median": 0.0,
      "dist_to_train_centroid_mean": 33.368141174316406,
      "dist_to_train_centroid_median": 32.02485656738281
    },
    "interp": {
      "n": 20,
      "nn_to_train_mean": 9.876849174499512,
      "nn_to_train_median": 8.090103149414062,
      "dist_to_train_centroid_mean": 36.22770690917969,
      "dist_to_train_centroid_median": 36.679603576660156
    },
    "extrap": {
      "n": 20,
      "nn_to_train_mean": 28.276500701904297,
      "nn_to_train_median": 27.340118408203125,
      "dist_to_train_centroid_mean": 41.2884407043457,
      "dist_to_train_centroid_median": 45.181461334228516
    }
  }
}