{
  "train_key": "train_few",
  "n_components": 5,
  "explained_variance_ratio": [
    0.10454314202070236,
    0.0851181149482727,
    0.08264421671628952,
    0.07321245968341827,
    0.06276483088731766
  ],
  "splits": {
    "train_few": {
      "n": 10,
      "nn_to_train_mean": 0.00188610446639359,
      "nn_to_train_median": 0.0,
      "dist_to_train_centroid_mean": 17.034893035888672,
      "dist_to_train_centroid_median": 18.47255516052246
    },
    "interp": {
      "n": 20,
      "nn_to_train_mean": 9.6900053024292,
      "nn_to_train_median": 7.71988582611084,
      "dist_to_train_centroid_mean": 17.05953025817871,
      "dist_to_train_centroid_median": 16.293344497680664
    },
    "extrap": {
      "n": 20,
      "nn_to_train_mean": 18.070598602294922,
      "nn_to_train_median": 17.98002815246582,
      "dist_to_train_centroid_mean": 22.36234474182129,
      "dist_to_train_centroid_median": 23.53586196899414
    }
  }
}