{
  "train_key": "train_few",
  "n_components": 5,
  "explained_variance_ratio": [
    0.8054834008216858,
    0.08068913221359253,
    0.04037867859005928,
    0.035695601254701614,
    0.021137434989213943
  ],
  "splits": {
    "train_few": {
      "n": 10,
      "nn_to_train_mean": 0.0,
      "nn_to_train_median": 0.0,
      "dist_to_train_centroid_mean": 15.854742050170898,
      "dist_to_train_centroid_median": 11.641229629516602
    },
    "interp": {
      "n": 20,
      "nn_to_train_mean": 6.4723358154296875,
      "nn_to_train_median": 6.501859664916992,
      "dist_to_train_centroid_mean": 16.74178695678711,
      "dist_to_train_centroid_median": 13.21340274810791
    },
    "extrap": {
      "n": 20,
      "nn_to_train_mean": 13.783487319946289,
      "nn_to_train_median": 13.078224182128906,
      "dist_to_train_centroid_mean": 25.559551239013672,
      "dist_to_train_centroid_median": 27.023983001708984
    }
  }
}