{
  "train_key": "train_few",
  "n_components": 5,
  "explained_variance_ratio": [
    0.9551923274993896,
    0.040074363350868225,
    0.004355923272669315,
    0.00033469274058006704,
    3.752772681764327e-05
  ],
  "splits": {
    "train_few": {
      "n": 10,
      "nn_to_train_mean": 9.765625145519152e-05,
      "nn_to_train_median": 0.0,
      "dist_to_train_centroid_mean": 6.169210433959961,
      "dist_to_train_centroid_median": 4.834018707275391
    },
    "interp": {
      "n": 20,
      "nn_to_train_mean": 0.47565898299217224,
      "nn_to_train_median": 0.428804874420166,
      "dist_to_train_centroid_mean": 6.1783952713012695,
      "dist_to_train_centroid_median": 4.384503364562988
    },
    "extrap": {
      "n": 20,
      "nn_to_train_mean": 1.9410587549209595,
      "nn_to_train_median": 1.876279354095459,
      "dist_to_train_centroid_mean": 8.858723640441895,
      "dist_to_train_centroid_median": 9.872425079345703
    }
  }
}